id,category,difficulty,criterion,score
fact_001,factual_qa,easy,correctness,1.0
fact_001,factual_qa,easy,relevance,0.8
fact_002,factual_qa,medium,correctness,1.0
fact_002,factual_qa,medium,completeness,0.8
fact_002,factual_qa,medium,relevance,1.0
fact_003,factual_qa,medium,correctness,1.0
fact_003,factual_qa,medium,completeness,1.0
fact_004,factual_qa,hard,correctness,1.0
fact_004,factual_qa,hard,completeness,1.0
fact_004,factual_qa,hard,reasoning,1.0
reason_001,reasoning,easy,correctness,1.0
reason_001,reasoning,easy,reasoning,0.8
reason_002,reasoning,medium,correctness,1.0
reason_002,reasoning,medium,reasoning,0.8
reason_003,reasoning,medium,correctness,1.0
reason_003,reasoning,medium,reasoning,0.8
reason_003,reasoning,medium,completeness,0.6
reason_004,reasoning,hard,correctness,1.0
reason_004,reasoning,hard,reasoning,0.8
reason_004,reasoning,hard,logical_consistency,0.6
math_001,mathematics,easy,correctness,1.0
math_002,mathematics,medium,correctness,1.0
math_002,mathematics,medium,reasoning,1.0
math_003,mathematics,hard,correctness,1.0
math_003,mathematics,hard,reasoning,0.8
coding_001,coding,easy,correctness,1.0
coding_001,coding,easy,reasoning,0.8
coding_002,coding,medium,correctness,1.0
coding_002,coding,medium,relevance,1.0
coding_003,coding,hard,correctness,1.0
coding_003,coding,hard,reasoning,0.8
coding_003,coding,hard,completeness,1.0
instruction_001,instruction_following,easy,correctness,1.0
instruction_001,instruction_following,easy,instruction_following,0.8
instruction_002,instruction_following,medium,correctness,1.0
instruction_002,instruction_following,medium,instruction_following,0.8
instruction_002,instruction_following,medium,completeness,1.0
instruction_003,instruction_following,hard,correctness,1.0
instruction_003,instruction_following,hard,instruction_following,0.8
instruction_003,instruction_following,hard,completeness,1.0
summary_001,summarization,easy,faithfulness,1.0
summary_001,summarization,easy,relevance,0.8
summary_001,summarization,easy,instruction_following,0.6
summary_002,summarization,medium,faithfulness,1.0
summary_002,summarization,medium,completeness,0.8
summary_002,summarization,medium,instruction_following,1.0
summary_003,summarization,hard,faithfulness,1.0
summary_003,summarization,hard,completeness,0.8
summary_003,summarization,hard,instruction_following,1.0
